text,category
UPI/SBI ATM Withdrawal/vikas.790@okicici/Payment/KOTAK,ATM & Cash
school van fee for Kumon Learning,Kids Activities
annual premium for Bajaj Allianz,Insurance
UPI-HP Petrol Pump-pooja.270@ybl-KOTAK-447964670-UPI,Transportation & Gas
annual premium for HDFC Life Insurance,Insurance
lunch bill paid at Domino's Pizza,Eating Out
UPI/Barbeque Nation/arjun.265@oksbi/Payment/KOTAK,Eating Out
mutual fund contribution to Groww,Investments & Savings Transfer
POS Sportskids Academy MUMBAI,Kids Activities
IMPS-8808009855-POOJA REDDY-ICICI-NoBroker Rent Payment,Rent & Mortgage
insurance premium paid to Star Health Insurance,Insurance
IMPS-9489345212-VIKAS MALHOTRA-KOTAK-School Fee Payment,Education
lunch bill paid at Third Wave Coffee,Eating Out
paid Park+ Parking for a ride,Transportation & Gas
semester fee via Udemy,Education
travel booking payment to IndiGo Airlines,Travel
NEFT Dr-KOTAK0000744-RAHUL MALHOTRA-Goibibo,Travel
ACH/TP ACH Practo Pharmacy 3425458760,Medicine & Pharmacy
IMPS-2949912028-POOJA DESAI-AXIS-HDFC ATM Withdrawal,ATM & Cash
UPI-BookMyShow-sneha.503@oksbi-AXIS-739715501-UPI,Entertainment & Subscriptions
IMPS-1286174002-VIKRAM KAPOOR-KOTAK-IRCTC,Transportation & Gas
POS HDFC Life Insurance HYDERABAD,Insurance
NEFT Dr-KOTAK0000485-DIVYA VERMA-SBI ATM Withdrawal,ATM & Cash
UPI-Star Health Insurance-vikas.712@okaxis-IDFC-633162309-UPI,Insurance
insurance premium paid to LIC Premium,Insurance
ACH/TP ACH Blinkit 6577442871,Groceries
grocery order from BigBasket,Groceries
NEFT Dr-ICICI0000773-MEERA RAO-Apollo Pharmacy,Medicine & Pharmacy
UPI-INOX Movies-neha.882@paytm-SBI-345150572-UPI,Entertainment & Subscriptions
ACH/TP ACH Airbnb 9349998051,Travel
UPI/BSES Rajdhani/anita.540@ybl/Payment/ICICI,Utilities
received Interest Credit this month,Income & Deposits
IMPS-7495822594-VIKRAM RAO-YES BANK-Wellness Forever,Medicine & Pharmacy
NEFT Dr-ICICI0000505-SANJAY GUPTA-Park+ Parking,Transportation & Gas
IMPS-6630774768-MANOJ RAO-AXIS-NPS Contribution,Investments & Savings Transfer
ACH/TP ACH ICICI Home Loan EMI 5116697037,Rent & Mortgage
IMPS-5968456262-KAVYA DESAI-ICICI-Apollo Pharmacy,Medicine & Pharmacy
IMPS-3458731926-KAVYA IYER-SBI-Akasa Air,Travel
utility bill for Airtel Postpaid,Utilities
cash withdrawn from ATM Cash Withdrawal,ATM & Cash
UPI-DMart-amit.494@ybl-SBI-542596187-UPI,Groceries
ATM Cash Withdrawal cash withdrawal,ATM & Cash
POS Dividend Credit DELHI,Income & Deposits
ACH/TP ACH Kidzee 0967485733,Kids Activities
UPI/GST on Bank Charges/divya.430@okaxis/Payment/HDFC,Fees & Interest
ACH/TP ACH EuroKids 9661956365,Kids Activities
NEFT Dr-ICICI0000335-ROHAN BOSE-School Fee Payment,Education
NEFT Dr-KOTAK0000828-RITU RAO-Reliance Trends,Shopping & Clothing
pharmacy bill paid at Practo Pharmacy,Medicine & Pharmacy
ACH/TP ACH Lakme Salon 7385607636,Personal Care
Faasos Ref#71295570,Eating Out
IMPS-7167189103-SURESH MENON-KOTAK-Kidzee,Kids Activities
Refund Credit credited to account,Income & Deposits
kids class fee paid to Sportskids Academy,Kids Activities
UPI-Freelance Payment Received-rohan.199@okhdfcbank-ICICI-269417482-UPI,Income & Deposits
Adani Electricity BANGALORE IN,Utilities
UPI-Kidzee-anjali.774@paytm-ICICI-266092381-UPI,Kids Activities
UPI-24Seven-rohan.830@ybl-AXIS-363842005-UPI,Groceries
Namma Metro Ref#53957508,Transportation & Gas
IMPS-1319995413-DIVYA NAIR-ICICI-Nature's Basket,Groceries
POS Apollo Pharmacy HYDERABAD,Medicine & Pharmacy
petrol bill at Indian Oil Petrol Pump,Transportation & Gas
NEFT Dr-KOTAK0000602-VIKAS PILLAI-Lakme Salon,Personal Care
paid Indian Oil Petrol Pump for a ride,Transportation & Gas
ACH/TP ACH Cleartrip 9721639898,Travel
semester fee via BYJU'S,Education
school van fee for EuroKids,Kids Activities
IMPS-3957730128-SURESH JOSHI-YES BANK-College Tuition NEFT,Education
tuition fee paid to Udemy,Education
Netmeds MUMBAI IN,Medicine & Pharmacy
Sportskids Academy MUMBAI IN,Kids Activities
ACH/TP ACH HDFC ATM Withdrawal 4637717719,ATM & Cash
paid IRCTC for a ride,Transportation & Gas
travel booking payment to Air India,Travel
SIP auto debit for Upstox,Investments & Savings Transfer
Fortis Healthcare Ref#71159598,Hospital & Medical
UPI/YesMadam/rohan.548@okhdfcbank/Payment/IDFC,Personal Care
UPI/Cult.fit/sanjay.278@oksbi/Payment/YES BANK,Personal Care
ACH/TP ACH ATM Cash Withdrawal 5149050299,ATM & Cash
mutual fund contribution to Upstox,Investments & Savings Transfer
SBI ATM Withdrawal cash withdrawal,ATM & Cash
NEFT Dr-YES BANK0000502-SANJAY IYER-Star Health Insurance,Insurance
monthly Jio Fiber bill payment,Utilities
Goibibo Ref#93706601,Travel
lab test fee at Narayana Health,Hospital & Medical
doctor consultation fee at Columbia Asia,Hospital & Medical
Manipal Hospital Ref#25339655,Hospital & Medical
monthly rent paid via SBI Home Loan EMI,Rent & Mortgage
NEFT Dr-YES BANK0000356-ANJALI VERMA-Cadabams Hospital,Hospital & Medical
school van fee for Kumon Learning,Kids Activities
enrolled kid in Little Millennium program,Kids Activities
penalty charge: GST on Bank Charges,Fees & Interest
payment received: Dividend Credit,Income & Deposits
POS Cadabams Hospital DELHI,Hospital & Medical
ACH/TP ACH MedPlus 8907263036,Medicine & Pharmacy
Employer Payroll credited to account,Income & Deposits
UPI/Apollo Hospitals/vikram.743@paytm/Payment/ICICI,Hospital & Medical
UPI/Netmeds/rohan.535@paytm/Payment/ICICI,Medicine & Pharmacy
UPI/Vodafone Idea/rahul.162@okhdfcbank/Payment/SBI,Utilities
bought vegetables and essentials at Blinkit,Groceries
Kumon Learning PUNE IN,Kids Activities
transferred savings to PPF Deposit,Investments & Savings Transfer
UPI/SBI ATM Withdrawal/sanjay.885@paytm/Payment/SBI,ATM & Cash
paid for Spotify Premium membership,Entertainment & Subscriptions
payment received: Refund Credit,Income & Deposits
paid Jawed Habib for a haircut,Personal Care
annual premium for Star Health Insurance,Insurance
enrolled kid in Little Millennium program,Kids Activities
JioHotstar Ref#78096463,Entertainment & Subscriptions
Spencer's MUMBAI IN,Groceries
POS Groww HYDERABAD,Investments & Savings Transfer
OYO Rooms Ref#54540314,Travel
children's activity payment to EuroKids,Kids Activities
YouTube Premium subscription auto debit,Entertainment & Subscriptions
IMPS-0722514775-SNEHA MALHOTRA-ICICI-Zerodha,Investments & Savings Transfer
IMPS-3600741840-POOJA NAIR-KOTAK-NPS Contribution,Investments & Savings Transfer
gym membership fee for Urban Company,Personal Care
grocery order from JioMart Grocery,Groceries
ACH/TP ACH GST on Bank Charges 6992591729,Fees & Interest
NEFT Dr-IDFC0000462-ARJUN PILLAI-BYJU'S,Education
annual premium for Max Bupa Health,Insurance
UPI-More Supermarket-rahul.859@okicici-AXIS-211755002-UPI,Groceries
transferred savings to PPF Deposit,Investments & Savings Transfer
IMPS-5698013752-SNEHA RAO-KOTAK-1mg Pharmacy,Medicine & Pharmacy
IMPS-8263687505-NEHA VERMA-YES BANK-Westside,Shopping & Clothing
IMPS-0393719127-SANJAY PILLAI-YES BANK-Property Owner NEFT,Rent & Mortgage
Naturals Salon GURGAON IN,Personal Care
UPI-SBI ATM Withdrawal-arjun.636@okhdfcbank-ICICI-296450811-UPI,ATM & Cash
ACH/TP ACH Chimpanzee Play Center 1637154832,Kids Activities
enrolled kid in Little Millennium program,Kids Activities
Freelance Payment Received PUNE IN,Income & Deposits
bought clothes online from Lifestyle Stores,Shopping & Clothing
NEFT Dr-KOTAK0000470-AMIT BOSE-LIC Premium,Insurance
LIC Premium policy renewal payment,Insurance
grocery order from Zepto,Groceries
NEFT Dr-AXIS0000286-RITU NAIR-Zara,Shopping & Clothing
UPI-PharmEasy-neha.440@okhdfcbank-YES BANK-739892384-UPI,Medicine & Pharmacy
NEFT Dr-IDFC0000633-RITU JOSHI-Cuemath,Kids Activities
course payment on College Tuition NEFT,Education
POS BYJU'S PUNE,Education
payment received: Employer Payroll,Income & Deposits
Cult.fit CHENNAI IN,Personal Care
flight booking on Airbnb,Travel
EuroKids Ref#20223512,Kids Activities
Cult.fit DELHI IN,Personal Care
More Supermarket GURGAON IN,Groceries
Flipkart Ref#32258551,Shopping & Clothing
UPI/Kidzee/amit.706@oksbi/Payment/KOTAK,Kids Activities
POS RedBus GURGAON,Travel
POS Zerodha MUMBAI,Investments & Savings Transfer
monthly subscription renewal for JioHotstar,Entertainment & Subscriptions
Refund Credit Ref#53780558,Income & Deposits
IMPS-3310428516-SNEHA VERMA-KOTAK-Refund Credit,Income & Deposits
paid Lifestyle Stores for new outfit,Shopping & Clothing
UPI-Overdraft Interest Charge-suresh.414@oksbi-KOTAK-617993990-UPI,Fees & Interest
bought vegetables and essentials at Swiggy Instamart,Groceries
HDFC ATM Withdrawal Ref#25082431,ATM & Cash
internet bill paid to BESCOM,Utilities
annual premium for Max Bupa Health,Insurance
UPI/ATM Cash Withdrawal/anita.838@ybl/Payment/YES BANK,ATM & Cash
medical checkup payment to Practo Consultation,Hospital & Medical
Airbnb DELHI IN,Travel
HDFC ATM Withdrawal cash withdrawal,ATM & Cash
ACH/TP ACH Upstox 8388030660,Investments & Savings Transfer
NEFT Dr-HDFC0000521-ANITA JOSHI-ATM Cash Withdrawal,ATM & Cash
UPI/HP Petrol Pump/ritu.995@paytm/Payment/AXIS,Transportation & Gas
UPI-INOX Movies-suresh.472@paytm-YES BANK-869167007-UPI,Entertainment & Subscriptions
Upstox Ref#25959817,Investments & Savings Transfer
hospital bill paid to Columbia Asia,Hospital & Medical
Flipkart Ref#09076202,Shopping & Clothing
UPI-Spencer's-kavya.987@okicici-ICICI-348136760-UPI,Groceries
travel booking payment to Cleartrip,Travel
POS Bajaj Allianz BANGALORE,Insurance
Sushil Medical Store Ref#66507215,Hospital & Medical
IMPS-0366358979-KAVYA CHOPRA-HDFC-Zomato,Eating Out
UPI-Netmeds-sneha.878@okhdfcbank-KOTAK-711203034-UPI,Medicine & Pharmacy
UPI/Vodafone Idea/anita.186@ybl/Payment/ICICI,Utilities
monthly Tata Power bill payment,Utilities
ACH/TP ACH Apollo Pharmacy 8925395882,Medicine & Pharmacy
UPI-Kidzee-pooja.517@okicici-AXIS-542495687-UPI,Kids Activities
POS Apollo Pharmacy DELHI,Medicine & Pharmacy
IMPS-5815283767-RAHUL DESAI-AXIS-IndiGo Airlines,Travel
NEFT Dr-SBI0000319-MEERA IYER-Reliance Fresh,Groceries
insurance premium paid to Max Bupa Health,Insurance
bank charged Late Payment Fee,Fees & Interest
Vedantu Ref#32324633,Education
SIP auto debit for PPF Deposit,Investments & Savings Transfer
OYO Rooms HYDERABAD IN,Travel
Udemy DELHI IN,Education
pharmacy bill paid at Practo Pharmacy,Medicine & Pharmacy
transferred savings to HDFC Mutual Fund SIP,Investments & Savings Transfer
SIP auto debit for Self Fund Transfer to FD,Investments & Savings Transfer
IRCTC Ref#29309867,Transportation & Gas
ACH/TP ACH Adani Electricity 3758898660,Utilities
dinner at Behrouz Biryani with friends,Eating Out
rent transfer to landlord via HDFC Home Loan EMI,Rent & Mortgage
ordered food from Zomato,Eating Out
IMPS-7351988951-PRIYA VERMA-ICICI-Overdraft Interest Charge,Fees & Interest
Nykaa Fashion Ref#52956184,Shopping & Clothing
weekly grocery shopping at Star Bazaar,Groceries
ACH/TP ACH SBI ATM Withdrawal 6860678004,ATM & Cash
UPI-Faasos-sneha.151@ybl-KOTAK-989981424-UPI,Eating Out
POS Employer Payroll CHENNAI,Income & Deposits
Overdraft Interest Charge Ref#48108918,Fees & Interest
UPI-Overdraft Interest Charge-pooja.910@oksbi-KOTAK-961969725-UPI,Fees & Interest
UPI-Employer Payroll-divya.404@paytm-HDFC-035400086-UPI,Income & Deposits
Urban Company GURGAON IN,Personal Care
internet bill paid to BSES Rajdhani,Utilities
payment received: Dividend Credit,Income & Deposits
paid electricity bill to Vodafone Idea,Utilities
ACH/TP ACH SBI ATM Withdrawal 2908826136,ATM & Cash
bought clothes online from Myntra,Shopping & Clothing
paid electricity bill to BSES Rajdhani,Utilities
dinner at Domino's Pizza with friends,Eating Out
bank charged Late Payment Fee,Fees & Interest
IMPS-4281173472-AMIT NAIR-YES BANK-SBI ATM Withdrawal,ATM & Cash
cash withdrawn from ATM Cash Withdrawal,ATM & Cash
Housing.com Rent Ref#35139635,Rent & Mortgage
ACH/TP ACH HDFC Life Insurance 7422805287,Insurance
UPI-SMS Alert Charges-karan.425@okhdfcbank-SBI-202751144-UPI,Fees & Interest
UPI-PPF Deposit-rahul.596@okaxis-HDFC-135644741-UPI,Investments & Savings Transfer
ICICI Home Loan EMI Ref#55686939,Rent & Mortgage
bought medicines from MedPlus,Medicine & Pharmacy
NEFT Dr-ICICI0000719-VIKRAM JOSHI-PVR Cinemas,Entertainment & Subscriptions
paid 24Seven for groceries,Groceries
UPI-Barbeque Nation-divya.726@ybl-IDFC-608269111-UPI,Eating Out
IMPS-3521225777-KAVYA MALHOTRA-IDFC-Annual Card Fee,Fees & Interest
POS HDFC Home Loan EMI MUMBAI,Rent & Mortgage
Park+ Parking PUNE IN,Transportation & Gas
UPI/Coursera/vikram.909@okhdfcbank/Payment/KOTAK,Education
Practo Pharmacy PUNE IN,Medicine & Pharmacy
ACH/TP ACH HDFC Home Loan EMI 2690535970,Rent & Mortgage
course payment on School Fee Payment,Education
BSES Rajdhani HYDERABAD IN,Utilities
bought clothes online from Max Fashion,Shopping & Clothing
HDFC Home Loan EMI PUNE IN,Rent & Mortgage
salon appointment at Naturals Salon,Personal Care
utility bill for ACT Fibernet,Utilities
UPI/Ola Cabs/neha.127@okhdfcbank/Payment/SBI,Transportation & Gas
POS Bharat Petroleum MUMBAI,Transportation & Gas
UPI/GST on Bank Charges/karan.251@oksbi/Payment/ICICI,Fees & Interest
UPI-Practo Pharmacy-vikas.121@ybl-IDFC-620746915-UPI,Medicine & Pharmacy
UPI/Airbnb/manoj.756@okaxis/Payment/YES BANK,Travel
ACH/TP ACH HP Petrol Pump 8062744493,Transportation & Gas
NEFT Dr-SBI0000484-AMIT JOSHI-Max Bupa Health,Insurance
UPI-Coursera-ritu.571@paytm-HDFC-731518995-UPI,Education
POS Kumon Learning PUNE,Kids Activities
Indian Oil Petrol Pump PUNE IN,Transportation & Gas
UPI-School Fee Payment-ritu.333@okhdfcbank-AXIS-531537220-UPI,Education
Columbia Asia DELHI IN,Hospital & Medical
POS GST on Bank Charges PUNE,Fees & Interest
coffee at Third Wave Coffee,Eating Out
UPI/Rapido/sanjay.533@ybl/Payment/ICICI,Transportation & Gas
NEFT Dr-IDFC0000685-ROHAN GUPTA-ICICI Home Loan EMI,Rent & Mortgage
ICICI Home Loan EMI Ref#67722979,Rent & Mortgage
Star Health Insurance policy renewal payment,Insurance
Kumon Learning Ref#14553748,Kids Activities
train ticket booked via RedBus,Travel
tuition fee paid to School Fee Payment,Education
ACH/TP ACH SBI ATM Withdrawal 3502536454,ATM & Cash
kids class fee paid to Kumon Learning,Kids Activities
NEFT Dr-KOTAK0000995-MEERA IYER-Star Health Insurance,Insurance
Adani Electricity GURGAON IN,Utilities
bought medicines from Wellness Forever,Medicine & Pharmacy
IMPS-9025456739-DIVYA CHOPRA-YES BANK-Myntra,Shopping & Clothing
lab test fee at Cadabams Hospital,Hospital & Medical
salon appointment at Jawed Habib,Personal Care
UPI/Naturals Salon/pooja.656@paytm/Payment/ICICI,Personal Care
purchased prescription at Apollo Pharmacy,Medicine & Pharmacy
NEFT Dr-KOTAK0000531-SANJAY VERMA-Cadabams Hospital,Hospital & Medical
UPI/SMS Alert Charges/amit.696@okaxis/Payment/YES BANK,Fees & Interest
POS Nykaa Fashion CHENNAI,Shopping & Clothing
ATM Cash Withdrawal HYDERABAD IN,ATM & Cash
ACH/TP ACH HDFC Life Insurance 4014556302,Insurance
IMPS-4977575166-SURESH IYER-IDFC-OYO Rooms,Travel
GST on Bank Charges deducted from account,Fees & Interest
IMPS-1227397464-VIKRAM REDDY-ICICI-Urban Company,Personal Care
POS MakeMyTrip GURGAON,Travel
UPI/1mg Pharmacy/rohan.630@okicici/Payment/AXIS,Medicine & Pharmacy
PVR Cinemas Ref#11948403,Entertainment & Subscriptions
Wellness Forever CHENNAI IN,Medicine & Pharmacy
IMPS-2368529068-PRIYA SHARMA-AXIS-Domino's Pizza,Eating Out
hotel booked through Goibibo,Travel
monthly subscription renewal for JioHotstar,Entertainment & Subscriptions
POS Urban Company CHENNAI,Personal Care
bought vegetables and essentials at Spencer's,Groceries
IMPS-8746640394-MEERA DESAI-KOTAK-Employer Payroll,Income & Deposits
payment received: Refund Credit,Income & Deposits
SBI ATM Withdrawal GURGAON IN,ATM & Cash
semester fee via BYJU'S,Education
NEFT Dr-SBI0000712-PRIYA NAIR-Star Health Insurance,Insurance
purchased prescription at MedPlus,Medicine & Pharmacy
IMPS-7590483793-KARAN SHARMA-KOTAK-Udemy,Education
POS Dividend Credit MUMBAI,Income & Deposits
IMPS-5670649276-NEHA NAIR-KOTAK-Practo Consultation,Hospital & Medical
paid Namma Metro for a ride,Transportation & Gas
gym membership fee for Naturals Salon,Personal Care
movie tickets booked on PVR Cinemas,Entertainment & Subscriptions
Jio Fiber Ref#37332964,Utilities
fuel filled at Indian Oil Petrol Pump,Transportation & Gas
IMPS-2977214415-KAVYA KAPOOR-YES BANK-HDFC Home Loan EMI,Rent & Mortgage
bought vegetables and essentials at BigBasket,Groceries
ACH/TP ACH FASTag Recharge 9411790278,Transportation & Gas
UPI/Spotify Premium/amit.416@okicici/Payment/SBI,Entertainment & Subscriptions
HDFC ATM Withdrawal cash withdrawal,ATM & Cash
HDFC Life Insurance Ref#16793849,Insurance
Zara DELHI IN,Shopping & Clothing
bought medicines from Practo Pharmacy,Medicine & Pharmacy
grocery order from Swiggy Instamart,Groceries
UPI/SMS Alert Charges/kavya.745@ybl/Payment/IDFC,Fees & Interest
monthly rent paid via Property Owner NEFT,Rent & Mortgage
received Freelance Payment Received this month,Income & Deposits
Cadabams Hospital Ref#96345702,Hospital & Medical
internet bill paid to Tata Power,Utilities
IMPS-3761122032-MEERA IYER-AXIS-ICICI Prudential MF,Investments & Savings Transfer
ACH/TP ACH HDFC Mutual Fund SIP 9668739843,Investments & Savings Transfer
POS OYO Rooms DELHI,Travel
annual premium for Star Health Insurance,Insurance
SMS Alert Charges Ref#38815869,Fees & Interest
UPI/SBI ATM Withdrawal/neha.839@okhdfcbank/Payment/HDFC,ATM & Cash
UPI-Groww-vikas.186@ybl-KOTAK-113165413-UPI,Investments & Savings Transfer
payment received: Salary Credit,Income & Deposits
UPI-INOX Movies-rahul.853@okicici-HDFC-435224929-UPI,Entertainment & Subscriptions
Overdraft Interest Charge deducted from account,Fees & Interest
POS NPS Contribution CHENNAI,Investments & Savings Transfer
UPI/Chai Point/neha.170@oksbi/Payment/HDFC,Eating Out
UPI/HP Petrol Pump/ritu.808@oksbi/Payment/SBI,Transportation & Gas
bank charged Annual Card Fee,Fees & Interest
transferred savings to ICICI Prudential MF,Investments & Savings Transfer
medical checkup payment to Columbia Asia,Hospital & Medical
Manipal Hospital Ref#07228319,Hospital & Medical
tuition fee paid to School Fee Payment,Education
UPI-Naturals Salon-manoj.839@okicici-KOTAK-400703189-UPI,Personal Care
POS Cafe Coffee Day DELHI,Eating Out
ACH/TP ACH Overdraft Interest Charge 2250921798,Fees & Interest
penalty charge: GST on Bank Charges,Fees & Interest
ACH/TP ACH HDFC ATM Withdrawal 5771172870,ATM & Cash
ACH/TP ACH School Fee Payment 1145403053,Education
Jawed Habib HYDERABAD IN,Personal Care
Fortis Healthcare Ref#47610091,Hospital & Medical
ACH/TP ACH Annual Card Fee 6664840346,Fees & Interest
Dividend Credit credited to account,Income & Deposits
IMPS-5632844614-MANOJ NAIR-AXIS-PVR Cinemas,Entertainment & Subscriptions
ACH/TP ACH LIC Premium 6980712668,Insurance
salon appointment at Naturals Salon,Personal Care
ACH/TP ACH Amazon Shopping 4392810456,Shopping & Clothing
Upstox Ref#65386872,Investments & Savings Transfer
HDFC ATM Withdrawal cash withdrawal,ATM & Cash
paid for JioHotstar membership,Entertainment & Subscriptions
UPI/Barbeque Nation/anjali.158@ybl/Payment/YES BANK,Eating Out
coffee at Subway,Eating Out
Airtel Postpaid BANGALORE IN,Utilities
IMPS-3760633532-ANITA CHOPRA-HDFC-HDFC Home Loan EMI,Rent & Mortgage
received Dividend Credit this month,Income & Deposits
bought clothes online from Max Fashion,Shopping & Clothing
IMPS-7613214345-VIKAS MENON-YES BANK-Cult.fit,Personal Care
NEFT Dr-YES BANK0000642-VIKRAM MENON-Bajaj Allianz,Insurance
POS Rapido HYDERABAD,Transportation & Gas
POS Practo Pharmacy CHENNAI,Medicine & Pharmacy
UPI/PVR Cinemas/karan.619@ybl/Payment/IDFC,Entertainment & Subscriptions
Refund Credit Ref#54146643,Income & Deposits
utility bill for BSES Rajdhani,Utilities
pharmacy bill paid at 1mg Pharmacy,Medicine & Pharmacy
kids class fee paid to EuroKids,Kids Activities
IMPS-8484068330-MEERA REDDY-AXIS-PVR Cinemas,Entertainment & Subscriptions
Employer Payroll CHENNAI IN,Income & Deposits
semester fee via Udemy,Education
exam fee paid to Vedantu,Education
NEFT Dr-SBI0000468-ARJUN VERMA-School Fee Payment,Education
cab ride booked with Bharat Petroleum,Transportation & Gas
PPF Deposit Ref#38866056,Investments & Savings Transfer
pharmacy bill paid at Apollo Pharmacy,Medicine & Pharmacy
UPI-Lakme Salon-karan.485@oksbi-AXIS-831555659-UPI,Personal Care
NEFT Dr-AXIS0000445-MEERA MALHOTRA-Zerodha,Investments & Savings Transfer
POS Lakme Salon PUNE,Personal Care
POS GST on Bank Charges BANGALORE,Fees & Interest
dinner at Starbucks Coffee with friends,Eating Out
grocery order from JioMart Grocery,Groceries
monthly Jio Fiber bill payment,Utilities
IMPS-3844865366-RITU GUPTA-HDFC-Lakme Salon,Personal Care
lab test fee at Cadabams Hospital,Hospital & Medical
NEFT Dr-SBI0000613-VIKRAM SHARMA-NoBroker Rent Payment,Rent & Mortgage
UPI-HDFC Home Loan EMI-sanjay.180@okhdfcbank-SBI-872706517-UPI,Rent & Mortgage
UPI/Bangalore Water Board/anjali.872@oksbi/Payment/YES BANK,Utilities
Columbia Asia Ref#99928840,Hospital & Medical
bought clothes online from Max Fashion,Shopping & Clothing
Sony LIV subscription auto debit,Entertainment & Subscriptions
NEFT Dr-IDFC0000132-KARAN MENON-Spencer's,Groceries
bought medicines from PharmEasy,Medicine & Pharmacy
bank charged Overdraft Interest Charge,Fees & Interest
Bachpan Play School Ref#76346579,Kids Activities
POS Employer Payroll DELHI,Income & Deposits
hospital bill paid to Sushil Medical Store,Hospital & Medical
Sushil Medical Store Ref#12085920,Hospital & Medical
Practo Pharmacy MUMBAI IN,Medicine & Pharmacy
dinner at Zomato with friends,Eating Out
paid Swiggy Instamart for groceries,Groceries
travel booking payment to Airbnb,Travel
spa session payment at Cult.fit,Personal Care
UPI-Park+ Parking-sanjay.373@okaxis-IDFC-044912132-UPI,Transportation & Gas
medical checkup payment to Practo Consultation,Hospital & Medical
NEFT Dr-IDFC0000261-ANJALI PILLAI-Apple Music,Entertainment & Subscriptions
salon appointment at Urban Company,Personal Care
monthly subscription renewal for YouTube Premium,Entertainment & Subscriptions
UPI-Ola Cabs-anita.648@okhdfcbank-ICICI-657203516-UPI,Transportation & Gas
school van fee for Kidzee,Kids Activities
IMPS-8580065674-RAHUL RAO-KOTAK-INOX Movies,Entertainment & Subscriptions
course payment on Unacademy,Education
NEFT Dr-KOTAK0000212-ROHAN SHARMA-MakeMyTrip,Travel
NEFT Dr-AXIS0000202-ROHAN REDDY-H&M,Shopping & Clothing
transferred savings to Groww,Investments & Savings Transfer
POS Star Health Insurance GURGAON,Insurance
NEFT Dr-AXIS0000621-ARJUN MENON-Practo Pharmacy,Medicine & Pharmacy
rent transfer to landlord via SBI Home Loan EMI,Rent & Mortgage
POS Practo Pharmacy HYDERABAD,Medicine & Pharmacy
transferred savings to PPF Deposit,Investments & Savings Transfer
IMPS-2298363942-KAVYA DESAI-YES BANK-JioMart Grocery,Groceries
coffee at Cafe Coffee Day,Eating Out
NEFT Dr-AXIS0000391-ANJALI RAO-Third Wave Coffee,Eating Out
ACH/TP ACH Cuemath 2436778995,Kids Activities
POS Star Health Insurance CHENNAI,Insurance
HDFC ATM Withdrawal cash withdrawal,ATM & Cash
ACH/TP ACH Cafe Coffee Day 0392744995,Eating Out
doctor consultation fee at Sushil Medical Store,Hospital & Medical
Bachpan Play School Ref#49238857,Kids Activities
ACH/TP ACH Apple Music 5319295201,Entertainment & Subscriptions
Interest Credit CHENNAI IN,Income & Deposits
Vodafone Idea BANGALORE IN,Utilities
ACH/TP ACH Max Healthcare 0659331184,Hospital & Medical
bought medicines from Apollo Pharmacy,Medicine & Pharmacy
HP Petrol Pump Ref#72126608,Transportation & Gas
Annual Card Fee PUNE IN,Fees & Interest
IMPS-4346708639-SNEHA BOSE-YES BANK-Coursera,Education
ACH/TP ACH College Tuition NEFT 8967482705,Education
paid Cult.fit for a haircut,Personal Care
POS Naturals Salon HYDERABAD,Personal Care
petrol bill at Bharat Petroleum,Transportation & Gas
NEFT Dr-HDFC0000837-POOJA RAO-Nykaa Fashion,Shopping & Clothing
POS Barbeque Nation GURGAON,Eating Out
Jio Fiber PUNE IN,Utilities
UPI/H&M/vikram.930@oksbi/Payment/YES BANK,Shopping & Clothing
school van fee for Kumon Learning,Kids Activities
lab test fee at Practo Consultation,Hospital & Medical
UPI-Cult.fit-vikas.760@okicici-KOTAK-693710275-UPI,Personal Care
IMPS-7672594619-ANITA PILLAI-HDFC-Netmeds,Medicine & Pharmacy
doctor consultation fee at Practo Consultation,Hospital & Medical
IMPS-3797887657-SANJAY RAO-YES BANK-LIC Premium,Insurance
UPI-Swiggy Instamart-karan.214@paytm-AXIS-449825198-UPI,Groceries
IMPS-5799512534-SURESH JOSHI-SBI-Employer Payroll,Income & Deposits
NEFT Dr-YES BANK0000102-AMIT DESAI-Groww,Investments & Savings Transfer
medical checkup payment to Columbia Asia,Hospital & Medical
UPI/Amazon Shopping/karan.112@paytm/Payment/IDFC,Shopping & Clothing
Practo Pharmacy Ref#70021788,Medicine & Pharmacy
IMPS-9337868765-POOJA KAPOOR-AXIS-Housing.com Rent,Rent & Mortgage
Amazon Prime Video subscription auto debit,Entertainment & Subscriptions
movie tickets booked on YouTube Premium,Entertainment & Subscriptions
UPI-Udemy-amit.482@okhdfcbank-SBI-426280960-UPI,Education
penalty charge: Late Payment Fee,Fees & Interest
Amazon Shopping CHENNAI IN,Shopping & Clothing
IndiGo Airlines Ref#77559439,Travel
paid Ajio for new outfit,Shopping & Clothing
UPI/Freelance Payment Received/divya.861@oksbi/Payment/SBI,Income & Deposits
bank charged Annual Card Fee,Fees & Interest
Unacademy GURGAON IN,Education
Columbia Asia GURGAON IN,Hospital & Medical
weekly grocery shopping at More Supermarket,Groceries
UPI-College Tuition NEFT-divya.256@okhdfcbank-HDFC-338466289-UPI,Education
Annual Card Fee Ref#20508284,Fees & Interest
UPI-Apollo Pharmacy-anjali.418@paytm-YES BANK-042819619-UPI,Medicine & Pharmacy
ACH/TP ACH Udemy 8840098509,Education
Urban Company Ref#09995131,Personal Care
UPI-Kumon Learning-arjun.145@oksbi-KOTAK-458697149-UPI,Kids Activities
ACH/TP ACH NoBroker Rent Payment 4919463414,Rent & Mortgage
online purchase from Max Fashion,Shopping & Clothing
SMS Alert Charges CHENNAI IN,Fees & Interest
NEFT Dr-ICICI0000465-AMIT GUPTA-Park+ Parking,Transportation & Gas
annual premium for Max Bupa Health,Insurance
UPI-Reliance Fresh-anjali.646@paytm-KOTAK-242962370-UPI,Groceries
JioMart Grocery HYDERABAD IN,Groceries
paid 24Seven for groceries,Groceries
ACH/TP ACH YouTube Premium 4250258620,Entertainment & Subscriptions
NEFT Dr-AXIS0000470-SURESH MALHOTRA-INOX Movies,Entertainment & Subscriptions
BigBasket Ref#86857022,Groceries
ACH/TP ACH Tata Power 4751590785,Utilities
NEFT Dr-KOTAK0000348-PRIYA MALHOTRA-Cleartrip,Travel
UPI/YouTube Premium/ritu.638@paytm/Payment/SBI,Entertainment & Subscriptions
UPI/H&M/vikas.391@okicici/Payment/SBI,Shopping & Clothing
UPI/ACT Fibernet/ritu.721@okhdfcbank/Payment/SBI,Utilities
UPI/Dividend Credit/meera.496@paytm/Payment/HDFC,Income & Deposits
paid HP Petrol Pump for a ride,Transportation & Gas
monthly rent paid via SBI Home Loan EMI,Rent & Mortgage
POS ICICI Home Loan EMI DELHI,Rent & Mortgage
UPI-HDFC ATM Withdrawal-meera.878@oksbi-IDFC-204238890-UPI,ATM & Cash
spa session payment at YesMadam,Personal Care
SBI ATM Withdrawal cash withdrawal,ATM & Cash
ACH/TP ACH RedBus 7209221346,Travel
UPI-Tata Power-amit.245@okhdfcbank-KOTAK-607243377-UPI,Utilities
Zomato Ref#43720138,Eating Out
mutual fund contribution to Groww,Investments & Savings Transfer
POS Cadabams Hospital DELHI,Hospital & Medical
lunch bill paid at Faasos,Eating Out
SBI ATM Withdrawal HYDERABAD IN,ATM & Cash
POS Adani Electricity BANGALORE,Utilities
NEFT Dr-IDFC0000595-MANOJ MENON-Nykaa Fashion,Shopping & Clothing
rent transfer to landlord via Property Owner NEFT,Rent & Mortgage
cash withdrawn from HDFC ATM Withdrawal,ATM & Cash
gym membership fee for Jawed Habib,Personal Care
paid electricity bill to BSES Rajdhani,Utilities
Goibibo Ref#75718885,Travel
monthly rent paid via ICICI Home Loan EMI,Rent & Mortgage
kids class fee paid to Kumon Learning,Kids Activities
ACH/TP ACH Fortis Healthcare 5032137236,Hospital & Medical
invested in Groww,Investments & Savings Transfer
IMPS-8417483116-VIKAS KAPOOR-KOTAK-BSES Rajdhani,Utilities
SBI Home Loan EMI CHENNAI IN,Rent & Mortgage
doctor consultation fee at Narayana Health,Hospital & Medical
rent transfer to landlord via Property Owner NEFT,Rent & Mortgage
UPI-Amazon Shopping-sneha.838@oksbi-HDFC-379617257-UPI,Shopping & Clothing
Max Fashion MUMBAI IN,Shopping & Clothing
Jio Fiber Ref#27142646,Utilities
IMPS-8532924756-KARAN SHARMA-SBI-Flipkart,Shopping & Clothing
ACH/TP ACH NPS Contribution 6280280818,Investments & Savings Transfer
coffee at Domino's Pizza,Eating Out
POS Freelance Payment Received CHENNAI,Income & Deposits
UPI/Sony LIV/pooja.237@okicici/Payment/AXIS,Entertainment & Subscriptions
semester fee via College Tuition NEFT,Education
cash withdrawn from ATM Cash Withdrawal,ATM & Cash
NEFT Dr-HDFC0000584-SNEHA MALHOTRA-Kumon Learning,Kids Activities
NEFT Dr-IDFC0000856-SANJAY SHARMA-Property Owner NEFT,Rent & Mortgage
NEFT Dr-HDFC0000353-MANOJ GUPTA-ICICI Prudential,Insurance
Cleartrip Ref#45568682,Travel
spa session payment at YesMadam,Personal Care
ACH/TP ACH HDFC Life Insurance 8964499673,Insurance
rent transfer to landlord via SBI Home Loan EMI,Rent & Mortgage
Little Millennium Ref#38294847,Kids Activities
ACH/TP ACH BYJU'S 0868910115,Education
Netflix subscription auto debit,Entertainment & Subscriptions
paid for YouTube Premium membership,Entertainment & Subscriptions
SBI ATM Withdrawal cash withdrawal,ATM & Cash
gym membership fee for Naturals Salon,Personal Care
rent transfer to landlord via ICICI Home Loan EMI,Rent & Mortgage
NEFT Dr-YES BANK0000635-KARAN BOSE-Behrouz Biryani,Eating Out
Domino's Pizza Ref#26395919,Eating Out
UPI/Kumon Learning/manoj.816@oksbi/Payment/AXIS,Kids Activities
IMPS-4922997764-RITU GUPTA-YES BANK-Vistara,Travel
HP Petrol Pump GURGAON IN,Transportation & Gas
ATM Cash Withdrawal DELHI IN,ATM & Cash
penalty charge: GST on Bank Charges,Fees & Interest
insurance premium paid to ICICI Prudential,Insurance
Max Healthcare Ref#91422089,Hospital & Medical
payment received: Refund Credit,Income & Deposits
Practo Pharmacy Ref#33683629,Medicine & Pharmacy
UPI-Overdraft Interest Charge-vikas.543@oksbi-IDFC-743439241-UPI,Fees & Interest
payment received: Refund Credit,Income & Deposits
Bajaj Allianz MUMBAI IN,Insurance
Urban Company DELHI IN,Personal Care
ACH/TP ACH Nykaa Fashion 5146402280,Shopping & Clothing
UPI/Max Fashion/kavya.807@ybl/Payment/SBI,Shopping & Clothing
UPI/Airtel Postpaid/amit.378@paytm/Payment/SBI,Utilities
UPI/Jio Fiber/amit.195@okicici/Payment/SBI,Utilities
exam fee paid to Vedantu,Education
UPI-Behrouz Biryani-anjali.170@okicici-YES BANK-084955006-UPI,Eating Out
NoBroker Rent Payment MUMBAI IN,Rent & Mortgage
rent transfer to landlord via Property Owner NEFT,Rent & Mortgage
POS Barbeque Nation MUMBAI,Eating Out
train ticket booked via Akasa Air,Travel
NEFT Dr-SBI0000412-VIKAS MALHOTRA-Flipkart,Shopping & Clothing
train ticket booked via Goibibo,Travel
NEFT Dr-YES BANK0000259-ARJUN REDDY-Behrouz Biryani,Eating Out
cash withdrawn from ATM Cash Withdrawal,ATM & Cash
UPI/Bachpan Play School/kavya.599@ybl/Payment/HDFC,Kids Activities
UPI-Zerodha-kavya.539@okaxis-KOTAK-002055403-UPI,Investments & Savings Transfer
annual premium for LIC Premium,Insurance
UPI-HDFC Mutual Fund SIP-priya.383@okhdfcbank-IDFC-671132831-UPI,Investments & Savings Transfer
NEFT Dr-KOTAK0000584-SURESH MENON-MedPlus,Medicine & Pharmacy
NEFT Dr-HDFC0000438-MEERA MENON-YesMadam,Personal Care
NEFT Dr-ICICI0000383-VIKRAM IYER-Max Healthcare,Hospital & Medical
Sushil Medical Store Ref#60072310,Hospital & Medical
UPI/EuroKids/vikram.823@paytm/Payment/HDFC,Kids Activities
BYJU'S DELHI IN,Education
UPI/HDFC ATM Withdrawal/sanjay.393@okhdfcbank/Payment/KOTAK,ATM & Cash
ACH/TP ACH Max Bupa Health 1187066982,Insurance
POS Overdraft Interest Charge DELHI,Fees & Interest
bought medicines from Wellness Forever,Medicine & Pharmacy
Star Bazaar CHENNAI IN,Groceries
ACH/TP ACH Cuemath 8494184782,Kids Activities
UPI/Manipal Hospital/suresh.966@oksbi/Payment/IDFC,Hospital & Medical
utility bill for Tata Power,Utilities
home loan EMI payment to ICICI Home Loan EMI,Rent & Mortgage
NEFT Dr-YES BANK0000972-RITU PILLAI-ICICI Prudential MF,Investments & Savings Transfer
UPI/YesMadam/ritu.249@okaxis/Payment/ICICI,Personal Care
exam fee paid to Udemy,Education
payment received: Freelance Payment Received,Income & Deposits
paid Lakme Salon for a haircut,Personal Care
POS Subway GURGAON,Eating Out
Jawed Habib Ref#08733753,Personal Care
Employer Payroll GURGAON IN,Income & Deposits
UPI/HP Petrol Pump/vikram.993@ybl/Payment/AXIS,Transportation & Gas
Refund Credit Ref#40975986,Income & Deposits
Amazon Shopping GURGAON IN,Shopping & Clothing
IMPS-2507895169-ANJALI REDDY-YES BANK-Zepto,Groceries
School Fee Payment Ref#23713309,Education
UPI/Ola Cabs/suresh.482@okicici/Payment/AXIS,Transportation & Gas
fuel filled at Ola Cabs,Transportation & Gas
paid Park+ Parking for a ride,Transportation & Gas
IMPS-3798435148-KAVYA IYER-SBI-Dividend Credit,Income & Deposits
IMPS-2632164990-ANITA MALHOTRA-ICICI-Subway,Eating Out
ACH/TP ACH Little Millennium 0920900286,Kids Activities
NEFT Dr-YES BANK0000533-ROHAN BOSE-JioMart Grocery,Groceries
Sony LIV Ref#18193368,Entertainment & Subscriptions
shopping order placed on H&M,Shopping & Clothing
NEFT Dr-AXIS0000961-SANJAY MALHOTRA-Reliance Fresh,Groceries
UPI-Reliance Trends-amit.401@okicici-HDFC-426353953-UPI,Shopping & Clothing
POS Employer Payroll MUMBAI,Income & Deposits
fuel filled at FASTag Recharge,Transportation & Gas
monthly subscription renewal for PVR Cinemas,Entertainment & Subscriptions
Behrouz Biryani CHENNAI IN,Eating Out
dinner at Zomato with friends,Eating Out
utility bill for ACT Fibernet,Utilities
NEFT Dr-YES BANK0000796-ANITA VERMA-BookMyShow,Entertainment & Subscriptions
bank charged GST on Bank Charges,Fees & Interest
BigBasket HYDERABAD IN,Groceries
hotel booked through MakeMyTrip,Travel
ICICI Home Loan EMI Ref#16547754,Rent & Mortgage
hotel booked through Cleartrip,Travel
NEFT Dr-HDFC0000409-RAHUL DESAI-Reliance Trends,Shopping & Clothing
UPI-INOX Movies-arjun.228@ybl-KOTAK-355191676-UPI,Entertainment & Subscriptions
Naturals Salon GURGAON IN,Personal Care
flight booking on Airbnb,Travel
NEFT Dr-HDFC0000504-ANITA SHARMA-Vodafone Idea,Utilities
ACH/TP ACH Tata Power 9821733085,Utilities
IMPS-3961121170-RITU RAO-IDFC-HDFC Home Loan EMI,Rent & Mortgage
IMPS-3059788939-SURESH MALHOTRA-ICICI-SMS Alert Charges,Fees & Interest
NEFT Dr-AXIS0000807-KAVYA SHARMA-Interest Credit,Income & Deposits
monthly rent paid via SBI Home Loan EMI,Rent & Mortgage
POS NPS Contribution MUMBAI,Investments & Savings Transfer
NEFT Dr-SBI0000348-ANITA DESAI-Udemy,Education
purchased prescription at MedPlus,Medicine & Pharmacy
UPI/Lakme Salon/amit.938@okaxis/Payment/IDFC,Personal Care
IMPS-2202362813-VIKAS DESAI-AXIS-JioHotstar,Entertainment & Subscriptions
IMPS-4751961035-POOJA IYER-ICICI-Faasos,Eating Out
POS YouTube Premium BANGALORE,Entertainment & Subscriptions
UPI/McDonald's/rahul.283@okhdfcbank/Payment/KOTAK,Eating Out
paid electricity bill to Adani Electricity,Utilities
NEFT Dr-ICICI0000203-ANITA SHARMA-Max Bupa Health,Insurance
UPI-Overdraft Interest Charge-kavya.464@paytm-SBI-562904472-UPI,Fees & Interest
LIC Premium policy renewal payment,Insurance
annual premium for Max Bupa Health,Insurance
IMPS-4755635061-DIVYA REDDY-IDFC-ATM Cash Withdrawal,ATM & Cash
UPI/Property Owner NEFT/neha.481@oksbi/Payment/AXIS,Rent & Mortgage
NEFT Dr-HDFC0000942-VIKRAM CHOPRA-Interest Credit,Income & Deposits
travel booking payment to Air India,Travel
movie tickets booked on Apple Music,Entertainment & Subscriptions
ACH/TP ACH Dividend Credit 8472035969,Income & Deposits
Ola Cabs MUMBAI IN,Transportation & Gas
Freelance Payment Received Ref#48765441,Income & Deposits
ACH/TP ACH Salary Credit 6171998149,Income & Deposits
NEFT Dr-SBI0000169-RITU RAO-ICICI Home Loan EMI,Rent & Mortgage
POS Annual Card Fee GURGAON,Fees & Interest
POS ATM Cash Withdrawal GURGAON,ATM & Cash
POS Vodafone Idea PUNE,Utilities
bought medicines from 1mg Pharmacy,Medicine & Pharmacy
SBI ATM Withdrawal cash withdrawal,ATM & Cash
IMPS-9414559991-VIKAS MENON-AXIS-HDFC ATM Withdrawal,ATM & Cash
IMPS-2076278094-ANJALI BOSE-ICICI-MakeMyTrip,Travel
Unacademy MUMBAI IN,Education
monthly subscription renewal for JioHotstar,Entertainment & Subscriptions
Salary Credit credited to account,Income & Deposits
monthly rent paid via NoBroker Rent Payment,Rent & Mortgage
monthly rent paid via Housing.com Rent,Rent & Mortgage
IMPS-9547810444-PRIYA JOSHI-KOTAK-JioMart Grocery,Groceries
UPI/Netmeds/ritu.193@paytm/Payment/SBI,Medicine & Pharmacy
UPI-SBI ATM Withdrawal-suresh.184@okhdfcbank-KOTAK-562352853-UPI,ATM & Cash
1mg Pharmacy GURGAON IN,Medicine & Pharmacy
IMPS-4902315148-NEHA CHOPRA-YES BANK-Vodafone Idea,Utilities
POS Star Bazaar CHENNAI,Groceries
NEFT Dr-IDFC0000821-ANITA SHARMA-Overdraft Interest Charge,Fees & Interest
SMS Alert Charges Ref#59232116,Fees & Interest
bought clothes online from Flipkart,Shopping & Clothing
bought medicines from 1mg Pharmacy,Medicine & Pharmacy
IMPS-6163784402-ARJUN PILLAI-KOTAK-PPF Deposit,Investments & Savings Transfer
Goibibo Ref#06113222,Travel
Akasa Air Ref#44425648,Travel
UPI/Nykaa Fashion/arjun.906@oksbi/Payment/IDFC,Shopping & Clothing
Groww HYDERABAD IN,Investments & Savings Transfer
ACH/TP ACH HDFC Home Loan EMI 1837512445,Rent & Mortgage
POS College Tuition NEFT MUMBAI,Education
cab ride booked with IRCTC,Transportation & Gas
lunch bill paid at Cafe Coffee Day,Eating Out
shopping order placed on Nykaa Fashion,Shopping & Clothing
SBI Home Loan EMI Ref#67530403,Rent & Mortgage
gym membership fee for Lakme Salon,Personal Care
ACH/TP ACH Sportskids Academy 5905374918,Kids Activities
transferred savings to NPS Contribution,Investments & Savings Transfer
ACH/TP ACH HDFC Mutual Fund SIP 1864208132,Investments & Savings Transfer
NEFT Dr-HDFC0000751-AMIT CHOPRA-Overdraft Interest Charge,Fees & Interest
UPI/SBI Home Loan EMI/karan.997@paytm/Payment/IDFC,Rent & Mortgage
ACH/TP ACH ATM Cash Withdrawal 1602504887,ATM & Cash
paid IRCTC for a ride,Transportation & Gas
penalty charge: SMS Alert Charges,Fees & Interest
Apollo Hospitals GURGAON IN,Hospital & Medical
IMPS-0823901375-AMIT GUPTA-YES BANK-Salary Credit,Income & Deposits
ACH/TP ACH Ola Cabs 7677305817,Transportation & Gas
UPI-Groww-ritu.750@oksbi-YES BANK-669541340-UPI,Investments & Savings Transfer
IMPS-0438214422-AMIT RAO-IDFC-BigBasket,Groceries
Air India CHENNAI IN,Travel
IRCTC Ref#33384062,Transportation & Gas
NEFT Dr-SBI0000180-MEERA REDDY-More Supermarket,Groceries
ACH/TP ACH Interest Credit 7980832460,Income & Deposits
POS SBI ATM Withdrawal BANGALORE,ATM & Cash
ACH/TP ACH LIC Premium 2047508942,Insurance
IMPS-8562293921-SNEHA DESAI-IDFC-Unacademy,Education
NEFT Dr-HDFC0000361-ROHAN GUPTA-Max Bupa Health,Insurance
NEFT Dr-ICICI0000650-ROHAN KAPOOR-Zomato,Eating Out
fuel filled at HP Petrol Pump,Transportation & Gas
IMPS-4137483789-MEERA MENON-SBI-Bajaj Allianz,Insurance
POS Zomato GURGAON,Eating Out
SBI ATM Withdrawal cash withdrawal,ATM & Cash
cash withdrawn from HDFC ATM Withdrawal,ATM & Cash
bought medicines from Wellness Forever,Medicine & Pharmacy
UPI/Apple Music/rohan.225@okhdfcbank/Payment/HDFC,Entertainment & Subscriptions
UPI/BYJU'S/divya.523@okicici/Payment/SBI,Education
Fortis Healthcare MUMBAI IN,Hospital & Medical
paid Ola Cabs for a ride,Transportation & Gas
UPI/Jawed Habib/kavya.916@okhdfcbank/Payment/SBI,Personal Care
weekly grocery shopping at BigBasket,Groceries
UPI-BookMyShow-vikram.420@ybl-IDFC-778913534-UPI,Entertainment & Subscriptions
ACH/TP ACH Tata Power 0785553136,Utilities
paid Reliance Trends for new outfit,Shopping & Clothing
Practo Consultation CHENNAI IN,Hospital & Medical
gym membership fee for Jawed Habib,Personal Care
POS Max Bupa Health HYDERABAD,Insurance
IMPS-8018134285-KARAN MALHOTRA-SBI-ICICI Prudential MF,Investments & Savings Transfer
Zepto HYDERABAD IN,Groceries
course payment on School Fee Payment,Education
UPI/Lakme Salon/karan.398@okhdfcbank/Payment/KOTAK,Personal Care
UPI/ICICI Prudential/manoj.865@oksbi/Payment/YES BANK,Insurance
Overdraft Interest Charge Ref#79735495,Fees & Interest
NEFT Dr-YES BANK0000588-SANJAY BOSE-Barbeque Nation,Eating Out
POS Airbnb GURGAON,Travel
transferred savings to NPS Contribution,Investments & Savings Transfer
ACH/TP ACH Groww 2595774247,Investments & Savings Transfer
UPI-Netflix-sanjay.329@okaxis-ICICI-972435491-UPI,Entertainment & Subscriptions
UPI-Manipal Hospital-rohan.493@okaxis-IDFC-425592962-UPI,Hospital & Medical
coffee at McDonald's,Eating Out
Sportskids Academy GURGAON IN,Kids Activities
BESCOM HYDERABAD IN,Utilities
Cadabams Hospital Ref#61435642,Hospital & Medical
ACH/TP ACH Airtel Postpaid 7168584848,Utilities
UPI-Chimpanzee Play Center-rahul.868@oksbi-IDFC-714195028-UPI,Kids Activities
Sony LIV Ref#87619490,Entertainment & Subscriptions
tuition fee paid to Vedantu,Education
UPI-YesMadam-vikas.326@paytm-SBI-346619429-UPI,Personal Care
IMPS-2800941983-PRIYA RAO-ICICI-Annual Card Fee,Fees & Interest
NEFT Dr-SBI0000577-SNEHA PILLAI-College Tuition NEFT,Education
UPI-Westside-ritu.208@okhdfcbank-SBI-968747928-UPI,Shopping & Clothing
UPI-PharmEasy-vikram.607@paytm-ICICI-193180901-UPI,Medicine & Pharmacy
IMPS-7868692624-KAVYA CHOPRA-AXIS-Sushil Medical Store,Hospital & Medical
IMPS-4227133320-MANOJ KAPOOR-ICICI-Blinkit,Groceries
UPI/Chai Point/neha.915@okaxis/Payment/IDFC,Eating Out
paid Star Bazaar for groceries,Groceries
transferred savings to Zerodha,Investments & Savings Transfer
flight booking on Cleartrip,Travel
IMPS-2273424259-ARJUN IYER-ICICI-Airbnb,Travel
penalty charge: Annual Card Fee,Fees & Interest
shopping order placed on Max Fashion,Shopping & Clothing
IMPS-9859743472-AMIT MALHOTRA-AXIS-HDFC ATM Withdrawal,ATM & Cash
ACH/TP ACH Air India 1991684672,Travel
UPI/Bangalore Water Board/sanjay.401@ybl/Payment/SBI,Utilities
Zepto Ref#07000352,Groceries
shopping order placed on Reliance Trends,Shopping & Clothing
shopping order placed on Lifestyle Stores,Shopping & Clothing
Property Owner NEFT CHENNAI IN,Rent & Mortgage
POS Zerodha MUMBAI,Investments & Savings Transfer
SMS Alert Charges deducted from account,Fees & Interest
children's activity payment to Kidzee,Kids Activities
rent transfer to landlord via NoBroker Rent Payment,Rent & Mortgage
BigBasket PUNE IN,Groceries
medical checkup payment to Fortis Healthcare,Hospital & Medical
Rapido Ref#10145809,Transportation & Gas
NEFT Dr-IDFC0000930-ANJALI BOSE-Subway,Eating Out
Ola Cabs MUMBAI IN,Transportation & Gas
Narayana Health Ref#55710862,Hospital & Medical
NEFT Dr-YES BANK0000205-SANJAY CHOPRA-Uber,Transportation & Gas
IMPS-5055513512-VIKAS RAO-ICICI-ICICI Prudential,Insurance
JioHotstar subscription auto debit,Entertainment & Subscriptions
coffee at Faasos,Eating Out
Sony LIV Ref#43401332,Entertainment & Subscriptions
UPI-24Seven-vikas.538@okaxis-YES BANK-329500167-UPI,Groceries
HDFC Home Loan EMI PUNE IN,Rent & Mortgage
hotel booked through Goibibo,Travel
hospital bill paid to Sushil Medical Store,Hospital & Medical
enrolled kid in Chimpanzee Play Center program,Kids Activities
UPI/PVR Cinemas/ritu.631@okaxis/Payment/SBI,Entertainment & Subscriptions
paid Reliance Trends for new outfit,Shopping & Clothing
UPI/Max Bupa Health/neha.221@paytm/Payment/HDFC,Insurance
train ticket booked via Cleartrip,Travel
utility bill for Bangalore Water Board,Utilities
NEFT Dr-SBI0000377-DIVYA REDDY-Flipkart,Shopping & Clothing
ACH/TP ACH Refund Credit 7684220210,Income & Deposits
UPI-McDonald's-pooja.921@okaxis-KOTAK-882718828-UPI,Eating Out
POS BSES Rajdhani DELHI,Utilities
ACH/TP ACH Kidzee 9560481234,Kids Activities
LIC Premium Ref#98794743,Insurance
penalty charge: Late Payment Fee,Fees & Interest
school van fee for Sportskids Academy,Kids Activities
IMPS-3666440505-ARJUN KAPOOR-AXIS-College Tuition NEFT,Education
POS FASTag Recharge BANGALORE,Transportation & Gas
POS OYO Rooms DELHI,Travel
NEFT Dr-HDFC0000930-VIKAS DESAI-Zerodha,Investments & Savings Transfer
